time,open,close,high,low,volume,turnover
2022-01-01 00:00:00,46216.4,46245.4,46271.5,46210.4,4.78615379,221340.067232915
2022-01-01 00:01:00,46245.4,46293.4,46326.9,46230.9,17.92390949,829202.768557055
2022-01-01 00:02:00,46302.3,46359.8,46370.5,46280.2,17.37501689,804766.591042384
2022-01-01 00:03:00,46359.7,46322.8,46382.9,46309.8,5.07069703,234955.45032109
2022-01-01 00:04:00,46322.7,46316.8,46329.2,46289.9,3.41393696,158130.63753377
2022-01-01 00:05:00,46316.9,46429.2,46433,46274.2,6.5213231,302502.22505184
2022-01-01 00:06:00,46429.1,46500,46500,46429.1,5.49102741,255161.584910986
2022-01-01 00:07:00,46500,46424.6,46527.9,46416.4,21.67693286,1007541.96763249
2022-01-01 00:08:00,46424.5,46391.7,46424.6,46383.8,4.44028105,206066.101815381
2022-01-01 00:09:00,46391.7,46377,46406.4,46350,4.14136271,192037.804847693
2022-01-01 00:10:00,46377,46388.1,46394.6,46347.9,5.5104768,255572.743603775
2022-01-01 00:11:00,46388,46315.5,46388.1,46297.1,7.96554298,369137.914726899
2022-01-01 00:12:00,46315.4,46285.8,46315.5,46272,3.12708532,144761.174064663
2022-01-01 00:13:00,46285.8,46329.4,46363,46285.7,6.50484802,301350.5900109
2022-01-01 00:14:00,46329.4,46331.5,46349.2,46319.7,2.48838447,115295.219301519
2022-01-01 00:15:00,46331.4,46330,46331.4,46299.9,6.76118683,313117.719293898
2022-01-01 00:16:00,46330.1,46329.5,46330.9,46312.3,4.23238375,196058.603324475
2022-01-01 00:17:00,46329.4,46280.5,46329.4,46276.6,6.01056797,278231.321172275
2022-01-01 00:18:00,46280.4,46279.4,46292.1,46260.7,6.93172556,320744.582354361
2022-01-01 00:19:00,46279.5,46283.1,46300.5,46241.6,9.48944243,438999.312277625
2022-01-01 00:20:00,46283,46321.1,46328.1,46283,3.42351272,158519.874319417
2022-01-01 00:21:00,46321.2,46372.2,46372.2,46279.9,10.1410836,469622.733554361
2022-01-01 00:22:00,46372.3,46393.4,46404,46367,3.98924061,185053.524057461
2022-01-01 00:23:00,46393.4,46365.9,46393.4,46355.5,2.99069754,138711.095296403
2022-01-01 00:24:00,46365.9,46392.6,46397.7,46365.8,1.88893502,87608.628403214
2022-01-01 00:25:00,46392.6,46378.6,46396.7,46376.3,2.34159118,108608.252209596
2022-01-01 00:26:00,46378.6,46379,46379,46378.5,0.72065877,33423.23825469
2022-01-01 00:27:00,46378.9,46350.8,46378.9,46340.4,3.20924481,148775.312147423
2022-01-01 00:28:00,46350.7,46358.1,46378.5,46350.7,2.14332807,99382.631657463
2022-01-01 00:29:00,46358.2,46375.1,46375.1,46351.1,1.10307633,51131.914279749
2022-01-01 00:30:00,46375.5,46364.8,46383.2,46357.8,1.61325021,74800.618950458
2022-01-01 00:31:00,46364.8,46377.1,46377.2,46364.7,0.56800006,26337.770310102
2022-01-01 00:32:00,46377.2,46382.6,46390.3,46375.9,3.07284062,142523.115626582
2022-01-01 00:33:00,46382.6,46379.2,46389.8,46378.1,2.34674371,108846.24096528
2022-01-01 00:34:00,46379.3,46441.3,46445.4,46379.2,3.58903716,166634.798573189
2022-01-01 00:35:00,46441.2,46466.7,46482.2,46441.2,3.58313116,166480.826301108
2022-01-01 00:36:00,46466.7,46499.1,46500,46465.1,2.77262162,128892.907135155
2022-01-01 00:37:00,46499.1,46508.6,46508.6,46469.8,2.26799569,105434.71892823
2022-01-01 00:38:00,46508.5,46499.4,46508.6,46499.3,1.02455228,47649.46279126
2022-01-01 00:39:00,46499.4,46540.7,46576.1,46494.5,12.82130122,596865.021027966
2022-01-01 00:40:00,46533.8,46569.9,46569.9,46510.5,8.24680914,383806.916492926
2022-01-01 00:41:00,46570.8,46631.4,46637,46561.5,10.39366223,484368.262568493
2022-01-01 00:42:00,46631.3,46639.4,46674.1,46623.5,12.30168483,573890.702410097
2022-01-01 00:43:00,46639.4,46660.5,46668,46638.4,6.07292521,283290.779752126
2022-01-01 00:44:00,46660.4,46616.1,46660.4,46616.1,3.0205791,140862.341173252
2022-01-01 00:45:00,46616.1,46621.4,46621.4,46574.5,4.85484895,226210.015414987
2022-01-01 00:46:00,46621.3,46637.3,46640.9,46617.8,3.78887399,176668.85748521
2022-01-01 00:47:00,46637.4,46667.9,46668,46629,4.32077664,201515.754916533
2022-01-01 00:48:00,46668,46717.9,46767.3,46655.7,15.46099442,722144.082021918
2022-01-01 00:49:00,46718,46695.2,46729.9,46687.7,11.03757771,515542.924812104
2022-01-01 00:50:00,46695.2,46689.8,46705.2,46681.3,4.40677187,205772.943249403
2022-01-01 00:51:00,46689.8,46677.1,46704.4,46677,5.66940066,264736.389096145
2022-01-01 00:52:00,46677.1,46647.5,46677.1,46623.5,2.15485063,100523.523431574
2022-01-01 00:53:00,46661,46632.9,46661.1,46629.8,10.66378797,497418.702368009
2022-01-01 00:54:00,46632.9,46653.8,46700.8,46632.8,7.49507082,349797.151450604
2022-01-01 00:55:00,46653.8,46671.2,46671.2,46653.6,2.28284856,106507.870516893
2022-01-01 00:56:00,46671.1,46671.6,46671.6,46656.5,4.41438366,205996.750405279
2022-01-01 00:57:00,46671.6,46680.8,46686.3,46663.6,4.83048393,225452.176893483
2022-01-01 00:58:00,46680.7,46656.1,46680.8,46656.1,1.40399976,65518.824895133
2022-01-01 00:59:00,46656.1,46649.2,46656.1,46632.9,2.78907304,130102.913643371
2022-01-01 01:00:00,46649.2,46640.5,46657.4,46640.4,2.2665183,105739.27383043
2022-01-01 01:01:00,46640.4,46594.8,46640.5,46594.8,1.69189725,78881.413413485
2022-01-01 01:02:00,46593.5,46615,46615,46580.8,2.78657023,129845.218452745
2022-01-01 01:03:00,46615.1,46576.3,46615.1,46576.3,2.17371382,101314.62717153
2022-01-01 01:04:00,46575.6,46579.4,46588.2,46575.6,1.88808585,87951.515583475
2022-01-01 01:05:00,46579.4,46583.9,46596.2,46575.3,6.27468341,292310.096830734
2022-01-01 01:06:00,46583.8,46619.1,46619.2,46583.8,0.87687828,40862.478142716
2022-01-01 01:07:00,46619.2,46626.7,46636,46608.6,3.15133591,146926.190210652
2022-01-01 01:08:00,46632.4,46654.6,46669.1,46632.4,4.39284151,204939.450391574
2022-01-01 01:09:00,46654.5,46669.5,46673.6,46654.5,2.0351014,94960.599402912
2022-01-01 01:10:00,46669.5,46721.1,46732.3,46669.5,4.20563867,196422.552147849
2022-01-01 01:11:00,46721.2,46718.5,46721.2,46690,3.10714905,145140.93828339
2022-01-01 01:12:00,46718.4,46721.6,46761.5,46718.4,3.20127138,149647.794528975
2022-01-01 01:13:00,46721.6,46740.8,46747.7,46721.6,2.32089401,108466.137368258
2022-01-01 01:14:00,46740.8,46764.9,46769.8,46733.5,2.85354244,133399.266311693
2022-01-01 01:15:00,46764.9,46771.5,46778,46748.3,3.67313751,171779.688853149
2022-01-01 01:16:00,46771.5,46831,46840,46771.5,6.33889804,296740.367738972
2022-01-01 01:17:00,46831.1,46869.7,46887,46831,6.24392064,292637.21299139
2022-01-01 01:18:00,46869.7,46869.5,46869.8,46823.9,5.27409455,247097.814287379
2022-01-01 01:19:00,46869.4,46878.6,46892.6,46855.4,9.63650151,451677.02176478
2022-01-01 01:20:00,46878.6,46892.8,46929,46878.5,12.1218127,568561.005008659
2022-01-01 01:21:00,46892.9,46865.6,46899.7,46865.3,3.36685671,157837.081175691
2022-01-01 01:22:00,46865.6,46826.7,46874.5,46815,3.59424113,168410.400883753
2022-01-01 01:23:00,46826.7,46857.5,46869.6,46826.7,3.8263054,179241.344697721
2022-01-01 01:24:00,46857.5,46841.4,46860.6,46765.7,7.71897777,361426.960497518
2022-01-01 01:25:00,46841.5,46808.8,46868.2,46808.1,11.63495108,545016.413125406
2022-01-01 01:26:00,46808.8,46806.3,46808.8,46779.9,2.89794919,135611.365227772
2022-01-01 01:27:00,46806.3,46793.1,46832.2,46793.1,3.74088634,175146.903437372
2022-01-01 01:28:00,46793.2,46784,46810.4,46783.6,2.38283029,111493.805061134
2022-01-01 01:29:00,46783.9,46810.1,46810.1,46783.9,0.40851581,19117.426347371
2022-01-01 01:30:00,46810,46822.2,46825.5,46797.8,5.16546309,241796.242612077
2022-01-01 01:31:00,46821.5,46800,46824.8,46799.9,1.95825065,91675.765637041
2022-01-01 01:32:00,46800,46847.5,46847.5,46800,7.3192456,342655.676205668
2022-01-01 01:33:00,46847.5,46851.7,46866,46840.9,4.4047299,206381.53240747
2022-01-01 01:34:00,46851.6,46836.9,46859.4,46821.6,2.34642183,109902.405058502
2022-01-01 01:35:00,46836.8,46848.9,46860.4,46836.8,1.58721975,74366.600846503
2022-01-01 01:36:00,46849,46870.4,46885.6,46849,7.92777569,371606.722625744
2022-01-01 01:37:00,46870.3,46835.1,46870.4,46835,2.658178,124535.963182896
2022-01-01 01:38:00,46835,46784.5,46848.6,46784.5,3.23723167,151578.127582023
2022-01-01 01:39:00,46784.6,46802.6,46809.2,46755.4,5.28203727,247075.942340299
2022-01-01 01:40:00,46804,46774.3,46804,46751.8,4.08924987,191251.130916798
2022-01-01 01:41:00,46774.6,46743.4,46779.6,46743.2,4.50299429,210582.841794864
2022-01-01 01:42:00,46743.4,46759.5,46771.3,46743.4,4.58231016,214244.727135348
2022-01-01 01:43:00,46759.5,46763.8,46770.9,46753.2,1.60961471,75268.096903322
2022-01-01 01:44:00,46763.7,46765.2,46779.4,46763.7,0.93676984,43813.453566525
2022-01-01 01:45:00,46765.3,46765.2,46765.3,46765.2,0.72772419,34032.227161903
2022-01-01 01:46:00,46765.2,46736.3,46765.3,46725.8,0.87778131,41036.15285189
2022-01-01 01:47:00,46736.4,46743.2,46743.3,46724,0.90929673,42490.573602118
2022-01-01 01:48:00,46743.2,46773.4,46783.3,46732.7,2.48492525,116171.801029933
2022-01-01 01:49:00,46773.5,46770.5,46783.2,46750,2.33982934,109423.972019955
2022-01-01 01:50:00,46770.6,46778.2,46780.8,46770.6,1.88269366,88062.283833845
2022-01-01 01:51:00,46778.2,46850.9,46850.9,46778.2,3.7599645,176038.767568556
2022-01-01 01:52:00,46850.8,46804.6,46864.4,46787.8,6.96984124,326451.75185002
2022-01-01 01:53:00,46804.6,46786.8,46817.1,46778.2,1.76037387,82389.487067562
2022-01-01 01:54:00,46786.9,46818.4,46824.7,46786.8,1.50581541,70471.934912591
2022-01-01 01:55:00,46818.3,46786.9,46829.6,46786.9,0.41862749,19598.617024469
2022-01-01 01:56:00,46786.9,46801.7,46801.8,46786.9,0.73528315,34402.735787504
2022-01-01 01:57:00,46801.8,46760.6,46801.8,46760.6,3.19556411,149509.367390831
2022-01-01 01:58:00,46763.7,46791.4,46798.4,46757.9,2.52134125,117945.338170226
2022-01-01 01:59:00,46791.4,46780.1,46800,46780,0.99158452,46401.534568215
2022-01-01 02:00:00,46780,46811.5,46814.6,46780,2.30619888,107928.571805945
2022-01-01 02:01:00,46811.5,46798.7,46811.5,46775.8,1.10698144,51802.49223421
2022-01-01 02:02:00,46798.7,46807.9,46812,46798.7,2.26865634,106190.815361508
2022-01-01 02:03:00,46808,46815.7,46827.7,46807.3,2.40116411,112408.630776803
2022-01-01 02:04:00,46815.7,46828.8,46828.9,46809,2.87504817,134595.707914417
2022-01-01 02:05:00,46828.8,46818.9,46828.9,46814.3,1.51348259,70865.492065255
2022-01-01 02:06:00,46818.9,46835.5,46835.6,46793.6,1.63165199,76378.762288481
2022-01-01 02:07:00,46835.5,46839.9,46862.5,46832.6,2.99372479,140253.178424038
2022-01-01 02:08:00,46846.2,46841.1,46847.6,46834.1,1.6788491,78647.440437986
2022-01-01 02:09:00,46841.1,46816,46858.1,46799.8,14.55222357,681373.29242385
2022-01-01 02:10:00,46815.3,46822.1,46822.2,46787.8,1.1922944,55796.409415558
2022-01-01 02:11:00,46822.2,46826.2,46837.9,46816.4,3.48827759,163362.636530527
2022-01-01 02:12:00,46826.2,46855.5,46855.6,46826.2,6.77335733,317282.686154167
2022-01-01 02:13:00,46852.1,46854.3,46854.3,46842.2,0.72756788,34083.743056378
2022-01-01 02:14:00,46856.2,46842.5,46856.2,46832.1,1.26278269,59153.776115805
2022-01-01 02:15:00,46845.2,46898.1,46919,46845.2,5.98579405,280619.83550942
2022-01-01 02:16:00,46902.6,46910.3,46910.4,46901.1,0.5185009,24319.429168006
2022-01-01 02:17:00,46910.3,46908.2,46910.4,46901.3,1.28122512,60097.19761586
2022-01-01 02:18:00,46908.2,46901.2,46908.2,46901.2,0.1840777,8634.199394405
2022-01-01 02:19:00,46901.3,46922.1,46927.7,46901.2,3.63142451,170381.315657815
2022-01-01 02:20:00,46920.2,46914,46920.3,46901.3,2.95797672,138774.325084602
2022-01-01 02:21:00,46914,46902.5,46914,46883.3,2.32895636,109218.238779972
2022-01-01 02:22:00,46902.5,46852,46908.5,46849.6,3.45655466,162005.589693565
2022-01-01 02:23:00,46852.1,46859.1,46874.2,46852,3.10321745,145439.243338385
2022-01-01 02:24:00,46859,46839.2,46872.1,46839.1,3.03834719,142382.924860294
2022-01-01 02:25:00,46839.2,46841.3,46852.3,46823,1.31492663,61586.051327586
2022-01-01 02:26:00,46841.4,46837.2,46844.8,46836.6,2.18820576,102496.128988949
2022-01-01 02:27:00,46837.2,46848.4,46848.5,46826.8,1.64639021,77113.673972463
2022-01-01 02:28:00,46848.5,46865.3,46865.3,46848.4,0.41432949,19414.119399372
2022-01-01 02:29:00,46865.3,46823.9,46865.3,46823.8,1.28088054,60014.108486439
2022-01-01 02:30:00,46823.8,46818.7,46823.9,46818.7,0.12062208,5647.644878414
2022-01-01 02:31:00,46818.4,46806.4,46818.5,46803.9,1.61063334,75398.04524564
2022-01-01 02:32:00,46806.4,46784.5,46806.4,46784.5,1.94988599,91253.862991434
2022-01-01 02:33:00,46784.5,46798.2,46805.2,46784.5,1.21102339,56673.332112817
2022-01-01 02:34:00,46789.9,46790.5,46795.5,46783.2,0.57948225,27112.190360366
2022-01-01 02:35:00,46790.5,46797.1,46846,46785.4,10.89405927,509960.480697074
2022-01-01 02:36:00,46797,46755.5,46797.1,46736.4,4.95374637,231647.280435547
2022-01-01 02:37:00,46755.4,46739.4,46755.5,46727.2,2.93890352,137376.176112687
2022-01-01 02:38:00,46739.4,46730.9,46739.5,46724.7,6.18942622,289249.600150696
2022-01-01 02:39:00,46730.8,46757.8,46763.6,46729.5,4.40731149,206030.45846391
2022-01-01 02:40:00,46757.8,46766.9,46771.3,46757.3,1.76318524,82455.233432226
2022-01-01 02:41:00,46766.9,46781.9,46782,46763.6,1.31624558,61566.16776687
2022-01-01 02:42:00,46781.9,46787.5,46787.6,46770,1.96116825,91734.862416785
2022-01-01 02:43:00,46787.6,46798.6,46798.6,46787.6,0.33604677,15726.176498672
2022-01-01 02:44:00,46798.5,46771.4,46798.6,46767.6,1.96890779,92103.043007092
2022-01-01 02:45:00,46771.4,46793.9,46794.3,46771.4,2.36300796,110544.533482617
2022-01-01 02:46:00,46793.9,46802.7,46802.7,46793.9,0.4805575,22489.714440351
2022-01-01 02:47:00,46804.4,46829.3,46832.5,46804.4,0.78613451,36810.436484249
2022-01-01 02:48:00,46824.8,46805,46824.8,46804.9,1.08149597,50628.213007548
2022-01-01 02:49:00,46804.9,46800.1,46805,46800,2.3059981,107927.069094277
2022-01-01 02:50:00,46800,46784.8,46800.1,46775,2.30786157,107978.154659518
2022-01-01 02:51:00,46788.5,46815.2,46824.5,46788.5,2.07272517,97027.619289395
2022-01-01 02:52:00,46815.2,46813.8,46825,46813.6,0.99445839,46560.757497412
2022-01-01 02:53:00,46813.8,46822.5,46822.5,46813.7,0.50293034,23544.380616592
2022-01-01 02:54:00,46822.5,46821.3,46830.9,46821.3,0.67740964,31722.100063151
2022-01-01 02:55:00,46821.3,46844.7,46848.8,46821.3,6.33263333,296614.483253529
2022-01-01 02:56:00,46844.7,46852.5,46852.6,46831.5,0.73025606,34201.570029051
2022-01-01 02:57:00,46852.6,46768.8,46854,46768.8,3.10751588,145475.018659875
2022-01-01 02:58:00,46768.8,46789.7,46789.7,46767.6,2.10199289,98314.390089719
2022-01-01 02:59:00,46789.6,46802.7,46819.2,46789.6,2.46738807,115495.775161749
2022-01-01 03:00:00,46802.7,46804.5,46811.3,46799.8,1.46840375,68727.312595699
2022-01-01 03:01:00,46804.4,46800.3,46817.8,46800.3,1.5849335,74193.901560458
2022-01-01 03:02:00,46800.3,46780.7,46811.7,46780.6,1.4460907,67685.6888474
2022-01-01 03:03:00,46780.7,46762.2,46780.7,46757.9,3.12235628,146017.773167194
2022-01-01 03:04:00,46762.2,46783.6,46790.9,46761.7,2.10133532,98297.439240063
2022-01-01 03:05:00,46783.5,46776.2,46785.8,46775,3.01182947,140898.003640925
2022-01-01 03:06:00,46776.3,46798.7,46798.7,46776.2,2.56414869,119959.83540397
2022-01-01 03:07:00,46798.7,46809.4,46817.4,46798.6,1.45412511,68069.789808333
2022-01-01 03:08:00,46814.8,46798.5,46814.8,46798.4,0.74042753,34660.864816677
2022-01-01 03:09:00,46798.5,46829.7,46938.5,46785.7,32.36915162,1516761.23578194
2022-01-01 03:10:00,46829.7,46844.3,46849.7,46829.7,3.4767169,162846.053855764
2022-01-01 03:11:00,46844.5,46815.8,46844.5,46815.7,0.19109316,8949.139009859
2022-01-01 03:12:00,46815.8,46829.2,46829.3,46810.5,0.67679608,31685.363302802
2022-01-01 03:13:00,46829.2,46810.8,46834.4,46810.7,0.76678052,35908.333940276
2022-01-01 03:14:00,46810.7,46822.8,46833.9,46809.5,1.51899622,71119.656048988
2022-01-01 03:15:00,46822.7,46840.8,46846.2,46804.7,1.96573701,92041.724477211
2022-01-01 03:16:00,46840.8,46883.5,46883.6,46840.8,2.27440087,106576.303297899
2022-01-01 03:17:00,46883.5,46889.1,46895.9,46883.5,2.88215577,135140.029887325
2022-01-01 03:18:00,46890.2,46881.9,46890.2,46881.9,0.79803096,37415.886930477
2022-01-01 03:19:00,46881.9,46890,46902.3,46881.9,3.26713246,153203.27727323
2022-01-01 03:20:00,46890,46853.3,46890.1,46853.3,0.86416951,40508.21700673
2022-01-01 03:21:00,46853.3,46866.2,46868.7,46853.3,2.19775219,102988.74304188
2022-01-01 03:22:00,46866.3,46855,46866.3,46846.7,1.26496337,59266.42479787
2022-01-01 03:23:00,46854.9,46805.1,46854.9,46805,2.32676789,108957.066588794
2022-01-01 03:24:00,46805,46792.4,46807.2,46775.8,3.46159637,161978.147098969
2022-01-01 03:25:00,46792.4,46808.1,46819.7,46792.4,5.37889851,251796.496684368
2022-01-01 03:26:00,46808.1,46805.9,46808.1,46793.4,1.8977234,88810.828649147
2022-01-01 03:27:00,46805.8,46802.2,46805.8,46792.8,2.44531069,114442.617754094
2022-01-01 03:28:00,46800.1,46817.4,46828.5,46800,3.93335741,184146.382746887
2022-01-01 03:29:00,46817.4,46810.1,46831.7,46810.1,2.8691894,134348.973697815
2022-01-01 03:30:00,46810.1,46835.2,46845.2,46808.1,1.79366681,83986.609844754
2022-01-01 03:31:00,46835.1,46820.1,46835.2,46817.4,2.25301252,105485.307932219
2022-01-01 03:32:00,46820.1,46820,46821.9,46820,11.14224523,521681.844095032
2022-01-01 03:33:00,46820,46853.8,46864.6,46820,9.92631045,464813.591287994
2022-01-01 03:34:00,46853.7,46853.3,46857.8,46849.2,1.63206109,76468.672332441
2022-01-01 03:35:00,46853.2,46845.6,46853.3,46831.8,2.53781301,118874.545790199
2022-01-01 03:36:00,46850.2,46865.2,46865.3,46850.2,0.51668566,24210.77510097
2022-01-01 03:37:00,46865.3,46861.2,46865.3,46858.1,0.88027612,41252.197901691
2022-01-01 03:38:00,46861.1,46830.5,46861.1,46830.4,2.64374898,123873.087186526
2022-01-01 03:39:00,46830.5,46845.5,46853.1,46830.4,1.60787524,75314.166631288
2022-01-01 03:40:00,46845.4,46847.2,46847.3,46836.9,1.51483022,70955.055188868
2022-01-01 03:41:00,46847.3,46868.2,46889.7,46847.2,12.49100256,585340.927958626
2022-01-01 03:42:00,46868.2,46870.1,46882.1,46864.7,1.5475925,72544.543463453
2022-01-01 03:43:00,46870.1,46887.3,46898.1,46869.9,3.52493684,165268.126749776
2022-01-01 03:44:00,46887.4,46864.6,46887.4,46864.5,0.83816897,39296.221810039
2022-01-01 03:45:00,46864.6,46885.2,46889.3,46864.5,4.7815325,224162.35741114
2022-01-01 03:46:00,46885.2,46885.2,46892.5,46885.1,1.07787515,50541.298136741
2022-01-01 03:47:00,46885.3,46865,46885.3,46864.2,0.70085091,32850.2927369
2022-01-01 03:48:00,46865,46857.5,46867,46855.1,1.41033741,66090.375774304
2022-01-01 03:49:00,46857.5,46824.8,46865.2,46824.8,0.75202137,35235.782029621
2022-01-01 03:50:00,46824.8,46820,46824.9,46820,1.57070305,73540.886576302
2022-01-01 03:51:00,46820.1,46820,46820.1,46820,0.26528389,12420.610767278
2022-01-01 03:52:00,46820.1,46820.1,46832.1,46820,7.57705471,354761.630101088
2022-01-01 03:53:00,46820.1,46852.5,46852.6,46820.1,1.91671207,89754.903866207
2022-01-01 03:54:00,46852.6,46866.2,46867.1,46849.5,2.72565526,127720.568397968
2022-01-01 03:55:00,46866.1,46853.6,46866.5,46843,2.11622855,99156.496388952
2022-01-01 03:56:00,46853.5,46855.7,46855.8,46853.5,0.62619094,29339.488628877
2022-01-01 03:57:00,46855.8,46822.1,46855.8,46820.6,3.81659189,178741.466401768
2022-01-01 03:58:00,46822.2,46821.4,46822.2,46821.3,0.77395617,36238.079729666
2022-01-01 03:59:00,46821.4,46820.1,46821.4,46820,23.96788737,1122176.67997637
2022-01-01 04:00:00,46820,46844,46844.1,46820,5.23838101,245305.722117676
2022-01-01 04:01:00,46847,46844.5,46851.4,46843,0.87407636,40950.842215244
2022-01-01 04:02:00,46844.5,46844.4,46851.6,46844.4,2.13074351,99825.439860154
2022-01-01 04:03:00,46844.5,46849.2,46849.3,46840.4,1.15564723,54135.598401701
2022-01-01 04:04:00,46849.2,46871,46871,46849.2,6.05562668,283733.4825336
2022-01-01 04:05:00,46871,46884,46884.1,46870.9,2.1081444,98816.878833709
2022-01-01 04:06:00,46884.1,46842.6,46884.1,46842.6,2.49994653,117159.711472392
2022-01-01 04:07:00,46843.7,46860.3,46861.4,46843.7,2.44411134,114514.734800549
2022-01-01 04:08:00,46860.2,46842.9,46860.3,46842.9,0.87469117,40983.555739811
2022-01-01 04:09:00,46843,46838.6,46860.1,46838.6,2.64745964,124038.31092974
2022-01-01 04:10:00,46838.6,46846.2,46846.3,46830.5,1.93338992,90554.801493667
2022-01-01 04:11:00,46846.2,46848,46848,46846.2,0.18573524,8701.266483551
2022-01-01 04:12:00,46847.9,46804.9,46848.2,46804.8,5.62127137,263222.027629207
2022-01-01 04:13:00,46804.8,46787.6,46820,46774.2,5.05070463,236354.514062755
2022-01-01 04:14:00,46787.6,46653.6,46787.6,46635.4,21.55528184,1006060.26097217
2022-01-01 04:15:00,46653.6,46674.5,46705.5,46651,16.79592288,783875.148653031
2022-01-01 04:16:00,46674.5,46663.9,46702.7,46636.6,29.40403749,1372257.03388287
2022-01-01 04:17:00,46664,46645.7,46679.6,46645.7,4.31204635,201227.054387692
2022-01-01 04:18:00,46645.7,46625.1,46645.7,46621.7,7.02953272,327755.047680274
2022-01-01 04:19:00,46625,46625,46625.1,46625,0.79271465,36960.36795766
2022-01-01 04:20:00,46625,46676.5,46676.5,46625,5.31267796,247853.404077289
2022-01-01 04:21:00,46676.4,46658.3,46681.2,46651.2,2.50812564,117052.23578232
2022-01-01 04:22:00,46658.3,46693.6,46694.6,46658.3,1.70204987,79460.439361868
2022-01-01 04:23:00,46688.9,46659.1,46688.9,46640.7,2.15834518,100700.164658072
2022-01-01 04:24:00,46659.2,46659.5,46671.2,46645.2,1.42280947,66387.629167645
2022-01-01 04:25:00,46659.5,46677.7,46693.4,46659.4,2.40731887,112369.809527169
2022-01-01 04:26:00,46679.8,46697.5,46704.3,46679.7,2.0669144,96509.139389143
2022-01-01 04:27:00,46697.5,46689.3,46704,46681.7,2.97862354,139089.222384689
2022-01-01 04:28:00,46689.3,46711.5,46711.6,46689.3,1.70033958,79410.06095926
2022-01-01 04:29:00,46711.6,46705.1,46711.6,46705,1.03284737,48242.269791512
2022-01-01 04:30:00,46705.1,46679.9,46705.1,46679.8,2.42282978,113141.524305915
2022-01-01 04:31:00,46679.9,46671.5,46697,46671.5,3.27472728,152878.014431253
2022-01-01 04:32:00,46671.5,46687.3,46687.5,46656.4,2.05056897,95700.555878049
2022-01-01 04:33:00,46687.3,46680.1,46687.3,46680,0.40586619,18946.184597564
2022-01-01 04:34:00,46680,46664,46680.1,46664,0.51142831,23872.919618767
2022-01-01 04:35:00,46664,46643.3,46664.1,46634.2,3.6155973,168669.640929837
2022-01-01 04:36:00,46643.3,46648.8,46665.4,46643.2,2.96921027,138530.427465181
2022-01-01 04:37:00,46648.8,46652.5,46662.4,46647.3,1.40705718,65643.532863871
2022-01-01 04:38:00,46652.5,46668.6,46668.7,46648.7,2.32204453,108333.10537654
2022-01-01 04:39:00,46668.6,46686.3,46696.1,46668.6,3.08532752,144026.253528367
2022-01-01 04:40:00,46686.3,46711.4,46711.4,46664.6,9.47594542,442480.296083445
2022-01-01 04:41:00,46711.4,46727.4,46732.9,46700.7,2.91452074,136154.176831164
2022-01-01 04:42:00,46727.4,46737.4,46737.5,46726.2,2.52567648,118027.809219261
2022-01-01 04:43:00,46737.4,46743.9,46756.7,46737.4,1.98397189,92738.589736087
2022-01-01 04:44:00,46743.9,46722.9,46747.3,46722.9,2.00545586,93727.329450747
2022-01-01 04:45:00,46723,46774.6,46775.1,46720,5.84909469,273445.211479013
2022-01-01 04:46:00,46774.7,46760.3,46780,46751.8,3.54669917,165868.764874982
2022-01-01 04:47:00,46760.4,46781.9,46786,46760.3,2.01929484,94448.815037695
2022-01-01 04:48:00,46781.9,46763.3,46782,46756.8,1.01917226,47657.947574738
2022-01-01 04:49:00,46763.4,46817,46817,46763.3,0.50520102,23632.440818084
2022-01-01 04:50:00,46817.3,46809.6,46827.4,46794.8,2.46773929,115524.84544381
2022-01-01 04:51:00,46809.7,46827.1,46827.1,46790.2,3.11658249,145870.466613504
2022-01-01 04:52:00,46827.1,46815.4,46827.1,46811.1,1.88369802,88193.500714337
2022-01-01 04:53:00,46815.4,46815.1,46824.2,46800.7,2.94257722,137759.893582277
2022-01-01 04:54:00,46815.1,46793.1,46815.5,46793,0.96526305,45187.470813124
2022-01-01 04:55:00,46793.1,46776.3,46793.1,46766.3,2.6193896,122516.171513235
2022-01-01 04:56:00,46776.4,46756.9,46776.4,46744.8,0.7855437,36725.004208255
2022-01-01 04:57:00,46757,46715.3,46757,46715.2,1.76559985,82531.138323618
2022-01-01 04:58:00,46715.2,46719,46726.5,46715.2,0.78240066,36552.859615602
2022-01-01 04:59:00,46718.9,46710.2,46719,46701.1,1.29444088,60460.148562429
2022-01-01 05:00:00,46710.2,46730.3,46730.3,46695.4,3.9683051,185356.466501546
2022-01-01 05:01:00,46730.4,46729.2,46735.3,46719.4,1.34164664,62693.286382123
2022-01-01 05:02:00,46729.2,46718.6,46729.2,46708.2,1.18053832,55148.777060066
2022-01-01 05:03:00,46718.5,46705.1,46718.6,46701.2,1.74425318,81477.760908651
2022-01-01 05:04:00,46705.3,46694.7,46709.3,46694.7,1.885284,88044.338948338
2022-01-01 05:05:00,46694.7,46671.9,46694.7,46671.9,1.30886168,61103.366138253
2022-01-01 05:06:00,46672,46678.2,46678.2,46671.9,1.15407078,53868.054010264
2022-01-01 05:07:00,46678.2,46696.1,46706.8,46678.1,2.33276106,108909.449040762
2022-01-01 05:08:00,46696,46696.1,46696.1,46696,0.12189402,5691.969536278
2022-01-01 05:09:00,46696.1,46678.3,46696.1,46678.3,0.53251895,24863.710380567
2022-01-01 05:10:00,46678.4,46693.5,46697.7,46678.3,3.77446376,176214.753946619
2022-01-01 05:11:00,46693.5,46719.1,46719.2,46681.8,2.62029335,122351.717253272
2022-01-01 05:12:00,46719.2,46698.3,46719.2,46698.3,0.57041565,26645.530917812
2022-01-01 05:13:00,46698.3,46748.8,46752.8,46698.3,2.68500665,125461.742868302
2022-01-01 05:14:00,46748.7,46762.3,46762.4,46739.1,3.81125126,178195.830347542
2022-01-01 05:15:00,46764.6,46767.8,46771.9,46753.5,2.74198578,128219.021866028
2022-01-01 05:16:00,46767.8,46767.7,46767.9,46763.4,2.97500066,139126.2335916
2022-01-01 05:17:00,46767.8,46811.7,46811.7,46766.5,4.08926998,191320.123309002
2022-01-01 05:18:00,46812.2,46814.5,46814.5,46812.2,0.27262383,12762.588005986
2022-01-01 05:19:00,46814.4,46809.5,46814.5,46804.5,1.8060526,84546.580529993
2022-01-01 05:20:00,46809.5,46876.3,46876.3,46809.5,7.71236701,361251.123838666
2022-01-01 05:21:00,46876.3,46889.9,46889.9,46867.6,3.51945306,164996.700510091
2022-01-01 05:22:00,46890,47059.1,47074,46889.9,26.42104489,1242021.27006103
2022-01-01 05:23:00,47059.1,47186.9,47305.6,47034.2,31.33311229,1478348.89497864
2022-01-01 05:24:00,47190.9,47433.7,47446,47190.8,31.56499298,1494054.45639131
2022-01-01 05:25:00,47433.6,47371.7,47447.4,47355.2,22.36029368,1059876.8650718
2022-01-01 05:26:00,47371.7,47412.5,47436.7,47351.9,8.26096397,391469.682101515
2022-01-01 05:27:00,47412.5,47453.9,47498,47404.2,13.08860175,621107.676950124
2022-01-01 05:28:00,47453.8,47391,47467.6,47372,25.42545734,1205848.04374499
2022-01-01 05:29:00,47390.9,47397.1,47404.3,47376.8,12.35803898,585698.547376783
2022-01-01 05:30:00,47397.2,47491.6,47560,47383,23.43871932,1113424.25639552
2022-01-01 05:31:00,47490.1,47461.2,47515.1,47450.3,9.25979696,439655.128109435
2022-01-01 05:32:00,47469.5,47480.8,47505.2,47469.5,7.42827816,352753.466073804
2022-01-01 05:33:00,47477.7,47514.6,47514.7,47477.7,8.38933159,398419.835936198
2022-01-01 05:34:00,47514.6,47484.7,47524.6,47483.1,7.6438756,363152.208750081
2022-01-01 05:35:00,47484.8,47518.6,47550.9,47473.7,22.53590687,1070646.66171966
2022-01-01 05:36:00,47518.6,47509.8,47518.6,47496.3,2.9206425,138763.717841173
2022-01-01 05:37:00,47509.7,47481.5,47525.9,47467.1,10.55576974,501396.569866891
2022-01-01 05:38:00,47481.4,47447.8,47481.5,47443.4,3.57136506,169499.586415715
2022-01-01 05:39:00,47447.7,47468.1,47496.8,47447.7,4.20090698,199437.018712744
2022-01-01 05:40:00,47468.2,47459.8,47468.6,47450,2.86110466,135785.69505037
2022-01-01 05:41:00,47459.8,47321,47459.8,47320.8,7.90347433,374383.838039228
2022-01-01 05:42:00,47320.9,47260.8,47321,47234.1,9.57704864,452747.332903152
2022-01-01 05:43:00,47266.5,47315.5,47315.5,47266.4,5.65661721,267484.770344839
2022-01-01 05:44:00,47318.3,47297.1,47340.1,47297,2.26345601,107120.198328181
2022-01-01 05:45:00,47296.2,47232.6,47296.2,47200.2,5.52626398,261082.612094509
2022-01-01 05:46:00,47232.6,47226.3,47256.3,47221.7,5.58304622,263745.301669044
2022-01-01 05:47:00,47226.3,47205.8,47233.3,47203.9,3.98458063,188133.392663488
2022-01-01 05:48:00,47202.5,47186.5,47205.8,47182.5,4.6629087,220058.082983905
2022-01-01 05:49:00,47186.4,47231.5,47258.4,47186.4,5.21153368,246135.29523829
2022-01-01 05:50:00,47231.5,47192.2,47235.7,47182,2.14122299,101090.573496375
2022-01-01 05:51:00,47192.3,47212.6,47242.2,47192.2,3.26349492,154087.364507492
2022-01-01 05:52:00,47212.7,47273.5,47276.9,47204.1,4.06820345,192201.51982721
2022-01-01 05:53:00,47268.5,47264.7,47268.6,47250.9,1.79294821,84726.207998702
2022-01-01 05:54:00,47264.8,47269.8,47305.9,47248.7,2.71579018,128410.470659166
2022-01-01 05:55:00,47269.8,47258,47304,47257.9,2.06525441,97637.365620376
2022-01-01 05:56:00,47258,47177.2,47258,47166,2.27555713,107387.462556204
2022-01-01 05:57:00,47178.7,47187.2,47193.5,47150.2,9.25094545,436349.46549964
2022-01-01 05:58:00,47187.3,47180.6,47219,47180.5,2.81577512,132919.896221032
2022-01-01 05:59:00,47180.6,47192.6,47216.7,47180.6,2.31474887,109264.566933823
2022-01-01 06:00:00,47197.2,47188.7,47235,47188.7,4.38977366,207251.607202984
2022-01-01 06:01:00,47188.7,47165.7,47197.9,47165.7,3.10659474,146585.911086521
2022-01-01 06:02:00,47165,47173.2,47186,47160.2,3.16721196,149403.566226826
2022-01-01 06:03:00,47173.2,47155.8,47173.2,47139.2,1.29649638,61127.694948576
2022-01-01 06:04:00,47158.8,47111.7,47158.8,47110.9,1.87665783,88464.459810304
2022-01-01 06:05:00,47111.7,47148.4,47148.5,47099.5,6.07870296,286419.118812576
2022-01-01 06:06:00,47148.5,47183.3,47183.4,47148.5,2.05633521,96984.233557986
2022-01-01 06:07:00,47183.3,47186,47186,47151.7,3.58981223,169310.531452453
2022-01-01 06:08:00,47186,47203,47203,47170.6,3.07519778,145101.700223116
2022-01-01 06:09:00,47203.1,47277.1,47277.8,47203.1,12.10230542,571876.347183221
2022-01-01 06:10:00,47277.1,47255.3,47277.9,47249.2,3.72434543,176036.920013511
2022-01-01 06:11:00,47255.3,47279.6,47280.9,47255.3,2.20276481,104128.966057049
2022-01-01 06:12:00,47279.5,47295.9,47296.8,47279.5,1.72692668,81667.667987496
2022-01-01 06:13:00,47296.7,47299.3,47327.9,47292.6,4.2321397,200222.489750182
2022-01-01 06:14:00,47299.4,47307,47327.7,47299.4,2.06902248,97894.322231575
2022-01-01 06:15:00,47307,47269.7,47307,47266.4,8.98549882,424975.74118986
2022-01-01 06:16:00,47269.6,47255.2,47276.7,47255.2,4.72129002,223176.554383405
2022-01-01 06:17:00,47250.7,47217.4,47259.2,47217.4,6.06337667,286430.360194957
2022-01-01 06:18:00,47217.4,47216.5,47239.9,47204.9,8.36056905,394791.008338056
2022-01-01 06:19:00,47216.4,47203.9,47216.4,47195.4,1.80073847,85006.456430501
2022-01-01 06:20:00,47205,47220.4,47220.4,47205,1.82862866,86338.07863438
2022-01-01 06:21:00,47220.4,47219.4,47224.2,47213,0.9441638,44582.023936479
2022-01-01 06:22:00,47219.3,47196.5,47220.6,47184.3,1.44817409,68364.054214484
2022-01-01 06:23:00,47196.5,47187.3,47196.5,47180.3,1.06410883,50212.488405065
2022-01-01 06:24:00,47187.3,47183.7,47198.8,47183.6,1.31905434,62253.144266425
2022-01-01 06:25:00,47183.7,47148.6,47183.7,47139.2,2.15942657,101825.589032804
2022-01-01 06:26:00,47148.5,47134.1,47148.6,47130,1.02560931,48351.460298818
2022-01-01 06:27:00,47132.8,47171.1,47181.9,47132.8,1.92499748,90773.388306778
2022-01-01 06:28:00,47171.1,47146,47171.1,47137.5,2.13955671,100878.984495404
2022-01-01 06:29:00,47141.4,47135.9,47144.1,47128,2.46553834,116213.637746291
2022-01-01 06:30:00,47135.9,47131.8,47136,47122.9,1.28633289,60621.546916905
2022-01-01 06:31:00,47131.7,47136,47136,47120.9,1.97533732,93094.157822839
2022-01-01 06:32:00,47135.9,47106.1,47136,47106.1,6.82453635,321545.133603883
2022-01-01 06:33:00,47115.9,47140,47140.1,47110,3.74733247,176570.899158225
2022-01-01 06:34:00,47140.1,47144.4,47180.4,47140.1,2.71966563,128260.294040646
2022-01-01 06:35:00,47144.5,47181.7,47181.8,47140,2.75231385,129778.360838521
2022-01-01 06:36:00,47181.7,47184.1,47195,47181.7,3.6330593,171441.109778046
2022-01-01 06:37:00,47181.9,47160.7,47181.9,47147.7,1.35286866,63801.266480741
